date,NO2
2023-10-01,3.9523343e-06
2023-10-02,3.9523343e-06
2023-10-03,3.6456365e-06
2023-10-04,3.338939e-06
2023-10-05,3.0099222e-06
2023-10-06,3.3529523e-06
2023-10-07,3.8150542e-06
2023-10-08,5.0256303e-06
2023-10-09,6.1866235e-06
2023-10-10,6.115772e-06
2023-10-11,4.6614805e-06
2023-10-12,3.5748185e-06
2023-10-13,1.9194933e-06
2023-10-14,7.77496e-07
2023-10-15,9.900926e-07
2023-10-16,1.6739332e-06
2023-10-17,2.2889867e-06
2023-10-18,3.143071e-06
2023-10-19,3.6323902e-06
2023-10-20,4.780737e-06
2023-10-21,5.866137e-06
2023-10-22,6.9515363e-06
2023-10-23,5.282987e-06
2023-10-24,4.8338416e-06
2023-10-25,4.6291993e-06
2023-10-26,5.449472e-06
2023-10-27,4.981933e-06
2023-10-28,4.5143956e-06
2023-10-29,3.6471863e-06
2023-10-30,2.838756e-06
2023-10-31,3.6106778e-06
2023-11-01,4.201404e-06
2023-11-02,3.3005363e-06
2023-11-03,3.0783501e-06
2023-11-04,2.937355e-06
2023-11-05,4.420717e-06
2023-11-06,4.3720156e-06
2023-11-07,4.6755335e-06
2023-11-08,5.144781e-06
2023-11-09,5.6860836e-06
2023-11-10,5.9947274e-06
2023-11-11,5.5187656e-06
2023-11-12,5.8294577e-06
2023-11-13,5.8324176e-06
2023-11-14,4.8113448e-06
2023-11-15,3.6612846e-06
2023-11-16,3.49987e-06
2023-11-17,4.368952e-06
2023-11-18,4.1841513e-06
2023-11-19,5.413341e-06
2023-11-20,4.69049e-06
2023-11-21,4.460825e-06
2023-11-22,4.0516766e-06
2023-11-23,3.8698977e-06
2023-11-24,4.0247055e-06
2023-11-25,3.2982925e-06
2023-11-26,4.32416e-06
2023-11-27,5.3500266e-06
2023-11-28,3.2850955e-06
2023-11-29,3.1265574e-06
2023-11-30,2.6339112e-06
2023-12-01,3.4044897e-06
2023-12-02,3.9346432e-06
2023-12-03,4.4234193e-06
2023-12-04,4.0933037e-06
2023-12-05,3.7891682e-06
2023-12-06,3.5193411e-06
2023-12-07,3.6221338e-06
2023-12-08,3.724927e-06
2023-12-09,3.82772e-06
2023-12-10,4.0519344e-06
2023-12-11,3.8293183e-06
2023-12-12,3.7513903e-06
2023-12-13,2.7060044e-06
2023-12-14,3.4991133e-06
2023-12-15,3.283856e-06
2023-12-16,3.3330384e-06
2023-12-17,3.0099236e-06
2023-12-18,2.9637229e-06
2023-12-19,3.5637768e-06
2023-12-20,4.163831e-06
2023-12-21,4.5082825e-06
2023-12-22,5.1641946e-06
2023-12-23,4.6671266e-06
2023-12-24,4.378889e-06
2023-12-25,4.56172e-06
2023-12-26,4.800022e-06
2023-12-27,5.0383255e-06
2023-12-28,5.7329676e-06
2023-12-29,5.029254e-06
2023-12-30,4.325541e-06
2023-12-31,4.8982324e-06
2024-01-02,6.41616e-06
2024-01-03,3.6184676e-06
2024-01-04,3.8695102e-06
2024-01-05,3.974199e-06
2024-01-06,5.3069534e-06
2024-01-07,6.523055e-06
2024-01-08,7.840423e-06
2024-01-09,6.446838e-06
2024-01-10,5.761616e-06
2024-01-11,5.1897136e-06
2024-01-12,5.404281e-06
2024-01-13,5.750129e-06
2024-01-14,6.0959774e-06
2024-01-15,6.0222637e-06
2024-01-16,5.9485487e-06
2024-01-17,5.8748346e-06
2024-01-18,5.5463747e-06
2024-01-19,5.2179143e-06
2024-01-20,5.203682e-06
2024-01-21,5.1894494e-06
2024-01-22,4.993677e-06
2024-01-24,4.7979056e-06
2024-01-25,4.8896645e-06
2024-01-26,5.127043e-06
2024-01-27,5.209057e-06
2024-01-28,5.291069e-06
2024-01-29,5.201557e-06
2024-01-30,4.686973e-06
2024-01-31,4.7507137e-06
2024-02-01,4.725454e-06
2024-02-02,4.7001936e-06
2024-02-03,4.4631206e-06
2024-02-04,3.4566888e-06
2024-02-05,3.3980346e-06
2024-02-06,3.5111289e-06
2024-02-07,3.6242227e-06
2024-02-08,3.737317e-06
2024-02-09,3.8504113e-06
2024-02-10,3.963505e-06
2024-02-11,3.42253e-06
2024-02-12,2.905154e-06
2024-02-13,2.746478e-06
2024-02-14,2.7779531e-06
2024-02-15,3.0215788e-06
2024-02-16,4.4736025e-06
2024-02-17,4.621051e-06
2024-02-18,4.7685e-06
2024-02-19,4.9283954e-06
2024-02-20,5.17444e-06
2024-02-21,5.1837487e-06
2024-02-22,5.193057e-06
2024-02-23,5.102399e-06
2024-02-24,5.0117405e-06
2024-02-25,4.6612204e-06
2024-02-26,4.4863714e-06
2024-02-27,4.878332e-06
2024-02-28,5.270292e-06
2024-02-29,3.9240317e-06
2024-03-01,3.1798206e-06
2024-03-02,2.8468592e-06
2024-03-03,2.5138975e-06
2024-03-04,2.1969936e-06
2024-03-05,2.5135048e-06
2024-03-06,2.6160396e-06
2024-03-07,2.7565136e-06
2024-03-08,2.9666594e-06
2024-03-09,3.176805e-06
2024-03-10,3.2886123e-06
2024-03-11,3.400419e-06
2024-03-12,3.5122264e-06
2024-03-13,2.5448066e-06
2024-03-14,2.5310796e-06
2024-03-15,3.059759e-06
2024-03-16,3.5634794e-06
2024-03-17,2.8950162e-06
2024-03-18,2.8949635e-06
2024-03-19,3.0173685e-06
2024-03-20,3.1397738e-06
2024-03-21,3.2621788e-06
2024-03-22,2.7585256e-06
2024-03-24,2.2548722e-06
2024-03-25,3.5638373e-06
2024-03-26,1.5830486e-06
2024-03-27,8.6299934e-07
2024-03-28,1.9501813e-06
2024-03-29,2.209159e-06
2024-03-30,2.4681365e-06
2024-03-31,2.6560979e-06
2024-04-01,2.7810734e-06
2024-04-02,3.8195526e-06
2024-04-03,5.012378e-06
2024-04-04,4.101763e-06
2024-04-05,3.0167344e-06
2024-04-06,2.7113547e-06
2024-04-07,2.4059739e-06
2024-04-08,2.6877474e-06
2024-04-09,2.9695195e-06
2024-04-10,2.9461676e-06
2024-04-11,2.9205034e-06
2024-04-12,2.894839e-06
2024-04-13,2.6640166e-06
2024-04-14,2.8492937e-06
2024-04-15,2.6062692e-06
2024-04-16,3.5051753e-06
2024-04-17,3.6412569e-06
2024-04-18,3.455796e-06
2024-04-19,4.0499463e-06
2024-04-20,3.087275e-06
2024-04-21,1.9056948e-06
2024-04-22,2.9391251e-06
2024-04-23,2.8891716e-06
2024-04-24,2.7807048e-06
2024-04-25,5.3985186e-06
2024-04-26,2.5056002e-06
2024-04-27,1.8189228e-06
2024-04-28,1.2448786e-06
2024-04-29,6.070254e-07
2024-04-30,1.755844e-06
2024-05-01,2.9046626e-06
2024-05-02,2.670625e-06
2024-05-03,2.4365872e-06
2024-05-04,2.6356754e-06
2024-05-05,2.5642692e-06
2024-05-06,2.4928627e-06
2024-05-07,2.648733e-06
2024-05-09,2.8046034e-06
2024-05-10,2.9604732e-06
2024-05-11,3.1163438e-06
2024-05-12,3.272214e-06
2024-05-13,3.4280838e-06
2024-05-14,3.986404e-06
2024-05-16,3.6098368e-06
2024-05-17,3.5983137e-06
2024-05-18,3.5867906e-06
2024-05-19,3.6099682e-06
2024-05-20,3.6331455e-06
2024-05-21,3.5573953e-06
2024-05-22,3.2973312e-06
2024-05-23,3.5011747e-06
2024-05-24,3.1694672e-06
2024-05-25,4.224371e-06
2024-05-26,3.0483761e-06
2024-05-27,1.8723817e-06
2024-05-28,2.3115076e-06
2024-05-29,1.4802531e-06
2024-05-30,4.238295e-06
2024-05-31,4.098547e-06
2024-06-01,4.394994e-06
2024-06-02,3.7953982e-06
2024-06-03,3.0848657e-06
2024-06-04,2.3743335e-06
2024-06-05,1.3976226e-06
2024-06-06,4.3172286e-06
2024-06-07,3.6125662e-06
2024-06-08,2.4081253e-06
2024-06-09,3.5724925e-06
2024-06-10,4.501365e-06
2024-06-11,5.6567565e-06
2024-06-12,4.1880076e-06
2024-06-13,2.7192577e-06
2024-06-14,1.2505083e-06
2024-06-15,1.6522821e-06
2024-06-16,2.279146e-06
2024-06-17,2.6115993e-06
2024-06-18,3.0580418e-06
2024-06-19,3.34859e-06
2024-06-20,3.6391382e-06
2024-06-21,3.9175884e-06
2024-06-22,4.129672e-06
2024-06-23,3.7125396e-06
2024-06-24,3.7384993e-06
2024-06-25,3.661041e-06
2024-06-26,3.5835824e-06
2024-06-27,4.136054e-06
2024-06-28,4.688526e-06
2024-06-29,3.7911968e-06
2024-06-30,3.550224e-06
2024-07-01,3.3092506e-06
2024-07-02,2.509312e-06
2024-07-03,2.7324788e-06
2024-07-04,2.7246347e-06
2024-07-05,2.956918e-06
2024-07-06,2.9736893e-06
2024-07-07,2.6665246e-06
2024-07-08,3.9683205e-06
2024-07-09,5.158306e-06
2024-07-10,4.980104e-06
2024-07-11,4.8019015e-06
2024-07-12,4.6028076e-06
2024-07-13,4.4037147e-06
2024-07-14,4.2046204e-06
2024-07-15,4.0055265e-06
2024-07-16,3.8064325e-06
2024-07-17,3.6073388e-06
2024-07-18,3.0421954e-06
2024-07-19,3.4011268e-06
2024-07-20,3.7600585e-06
2024-07-21,4.11899e-06
2024-07-22,4.4779213e-06
2024-07-23,4.0738646e-06
2024-07-24,3.669808e-06
2024-07-25,3.6320034e-06
2024-07-26,3.5941982e-06
2024-07-27,3.5650733e-06
2024-07-28,2.867421e-06
2024-07-29,2.2199774e-06
2024-07-30,3.4622653e-06
2024-07-31,3.5293026e-06
2024-08-01,2.676541e-06
2024-08-02,1.7925943e-06
2024-08-03,-2.1458821e-07
2024-08-04,5.9738704e-07
2024-08-05,1.1159602e-06
2024-08-06,1.6345332e-06
2024-08-07,2.5396178e-06
2024-08-08,2.7122549e-06
2024-08-09,2.7322599e-06
2024-08-10,2.1885974e-06
2024-08-11,1.9969166e-06
2024-08-13,1.805236e-06
2024-08-14,1.6135555e-06
2024-08-15,2.8336638e-06
2024-08-16,5.642494e-06
2024-08-17,4.220492e-06
2024-08-18,2.3629289e-06
2024-08-19,2.4992507e-06
2024-08-20,2.6770063e-06
2024-08-21,2.8547622e-06
2024-08-22,2.0103896e-06
2024-08-23,1.1660175e-06
2024-08-24,1.8015351e-06
2024-08-25,2.4370524e-06
2024-08-26,2.1855233e-06
2024-08-27,1.7864427e-06
2024-08-28,2.0073496e-06
2024-08-29,3.232149e-06
2024-08-30,4.456949e-06
2024-08-31,3.601915e-06
2024-09-01,2.7468823e-06
2024-09-02,2.6494515e-06
2024-09-03,1.1367569e-06
2024-09-04,-3.7593762e-07
2024-09-05,4.88446e-07
2024-09-06,1.0441914e-06
2024-09-07,1.5999369e-06
2024-09-08,1.5510249e-06
2024-09-09,1.5021129e-06
2024-09-10,2.7310784e-06
2024-09-11,3.960044e-06
2024-09-12,2.420788e-06
2024-09-13,2.6389177e-06
2024-09-14,2.8570473e-06
2024-09-15,3.2665198e-06
2024-09-16,3.5262078e-06
2024-09-17,2.7671072e-06
2024-09-18,2.2605211e-06
2024-09-19,1.8171805e-06
2024-09-20,1.3364164e-06
2024-09-21,1.2825267e-06
2024-09-22,1.5502202e-06
2024-09-23,2.1075155e-06
2024-09-24,2.690571e-06
2024-09-25,4.307596e-06
2024-09-26,3.2520309e-06
2024-09-27,2.1964659e-06
2024-09-28,8.610948e-07
2024-09-29,1.7822933e-06
2024-09-30,4.2858896e-06
2024-10-01,6.9873313e-06
2024-10-02,5.2376145e-06
2024-10-03,3.4878974e-06
2024-10-04,2.949197e-06
2024-10-05,2.5279528e-06
2024-10-06,2.1067083e-06
2024-10-07,2.4880337e-06
2024-10-08,2.8693594e-06
2024-10-09,3.0038682e-06
2024-10-10,3.8348558e-06
2024-10-11,1.0743225e-06
2024-10-12,2.918701e-06
2024-10-13,2.6646035e-06
2024-10-14,2.5836941e-06
2024-10-15,2.502785e-06
2024-10-16,1.6504962e-06
2024-10-17,9.526531e-07
2024-10-18,2.0829432e-06
2024-10-19,3.2132336e-06
2024-10-20,3.10329e-06
2024-10-21,2.9933465e-06
2024-10-22,3.3165024e-06
2024-10-24,3.6396582e-06
2024-10-25,3.9894026e-06
2024-10-26,4.825184e-06
2024-10-27,4.061597e-06
2024-10-28,3.5969663e-06
2024-10-29,3.3773129e-06
2024-10-30,2.2913891e-06
2024-10-31,3.9795336e-06
2024-11-01,4.3663163e-06
2024-11-02,2.013259e-06
2024-11-03,2.04753e-06
2024-11-04,2.081801e-06
2024-11-05,1.9168476e-06
2024-11-06,1.7518947e-06
2024-11-07,2.4968604e-06
2024-11-08,3.4178947e-06
2024-11-09,3.6546942e-06
2024-11-10,3.8914936e-06
2024-11-11,2.7871756e-06
2024-11-12,3.413317e-06
2024-11-13,5.4258885e-06
2024-11-14,3.5439762e-06
2024-11-15,3.2799514e-06
2024-11-16,2.942575e-06
2024-11-17,2.5727675e-06
2024-11-18,2.6904872e-06
2024-11-19,2.9146397e-06
2024-11-20,2.968398e-06
2024-11-21,3.0221559e-06
2024-11-22,3.0799476e-06
2024-11-23,3.7272926e-06
2024-11-24,4.1121802e-06
2024-11-25,4.497068e-06
2024-11-26,3.4361815e-06
2024-11-27,2.3752955e-06
2024-11-28,2.5900538e-06
2024-11-29,2.768992e-06
2024-11-30,2.9053044e-06
2024-12-01,3.2853675e-06
2024-12-02,3.6963793e-06
2024-12-03,4.558785e-06
2024-12-04,4.6685686e-06
2024-12-05,4.778353e-06
2024-12-07,4.276046e-06
2024-12-09,3.7737393e-06
2024-12-10,3.528951e-06
2024-12-11,3.1367804e-06
2024-12-12,4.064324e-06
2024-12-13,3.9935817e-06
2024-12-14,3.92284e-06
2024-12-15,3.7929192e-06
2024-12-16,3.6629995e-06
2024-12-17,3.5330797e-06
2024-12-18,3.4231227e-06
2024-12-19,3.313166e-06
2024-12-20,2.919269e-06
2024-12-21,3.3327196e-06
2024-12-22,3.2929715e-06
2024-12-23,3.2532232e-06
2024-12-24,3.2134749e-06
2024-12-25,3.1737266e-06
2024-12-26,3.5796554e-06
2024-12-27,3.985583e-06
2024-12-28,3.9318093e-06
2024-12-29,3.8780345e-06
2024-12-30,3.82426e-06
2024-12-31,3.7704854e-06
2025-01-01,4.3388786e-06
2025-01-02,4.907271e-06
2025-01-03,4.363074e-06
2025-01-04,3.818876e-06
2025-01-05,3.2746789e-06
2025-01-06,3.1087375e-06
2025-01-07,2.8256477e-06
2025-01-08,4.220711e-06
2025-01-09,4.880008e-06
2025-01-10,5.1323013e-06
2025-01-11,5.079845e-06
2025-01-12,3.805381e-06
2025-01-13,4.249575e-06
2025-01-14,2.9011396e-06
2025-01-15,1.9519073e-06
2025-01-16,2.8353454e-06
2025-01-17,3.4385928e-06
2025-01-18,2.424081e-06
2025-01-19,2.6129937e-06
2025-01-20,2.8019067e-06
2025-01-21,2.7030271e-06
2025-01-22,2.604147e-06
2025-01-23,2.5623785e-06
2025-01-24,2.5887332e-06
2025-01-25,2.5569898e-06
2025-01-26,2.73647e-06
2025-01-27,2.2070453e-06
2025-01-28,2.3695957e-06
2025-01-29,1.4442973e-06
2025-01-30,3.3131942e-06
2025-01-31,3.9591214e-06
2025-02-01,4.0057453e-06
2025-02-02,3.923319e-06
2025-02-03,3.8408934e-06
2025-02-04,3.7584675e-06
2025-02-05,3.6760416e-06
2025-02-06,3.5936157e-06
2025-02-07,4.3398077e-06
2025-02-08,4.8437437e-06
2025-02-09,5.3476792e-06
2025-02-10,5.906998e-06
2025-02-11,6.4663163e-06
2025-02-12,7.0968135e-06
2025-02-13,4.812785e-06
2025-02-14,4.7839785e-06
2025-02-15,4.6461246e-06
2025-02-16,4.508271e-06
2025-02-17,4.5687343e-06
2025-02-18,4.0944083e-06
2025-02-19,3.7642847e-06
2025-02-20,3.4737252e-06
2025-02-21,3.1831669e-06
2025-02-22,2.9055775e-06
2025-02-23,3.1042748e-06
2025-02-24,3.3902168e-06
2025-02-25,3.676159e-06
2025-02-26,3.860038e-06
2025-02-27,4.0439168e-06
2025-02-28,4.2337897e-06
2025-03-01,4.423662e-06
2025-03-02,4.613535e-06
2025-03-03,4.8034085e-06
2025-03-04,1.9175943e-06
2025-03-05,2.9389648e-06
2025-03-06,3.062472e-06
2025-03-07,3.1505574e-06
2025-03-08,2.9753855e-06
2025-03-09,3.6251454e-06
2025-03-10,3.1821735e-06
2025-03-11,2.7392018e-06
2025-03-12,2.4116018e-06
2025-03-13,2.4300844e-06
2025-03-14,2.6786638e-06
2025-03-15,3.014902e-06
2025-03-16,3.412834e-06
2025-03-17,3.7581492e-06
2025-03-18,2.6938187e-06
2025-03-19,2.1833994e-06
2025-03-20,2.7436333e-06
2025-03-21,2.4668022e-06
2025-03-22,2.4228293e-06
2025-03-23,2.3788566e-06
2025-03-24,3.1773784e-06
2025-03-25,3.9759007e-06
2025-03-26,4.774423e-06
2025-03-27,4.597125e-06
2025-03-28,5.0070225e-06
2025-03-29,5.1907214e-06
2025-03-30,5.343653e-06
2025-03-31,5.2821774e-06
2025-04-01,5.220703e-06
2025-04-02,5.1592274e-06
2025-04-03,5.097753e-06
2025-04-04,5.3046683e-06
2025-04-05,3.931901e-06
2025-04-06,3.1698232e-06
2025-04-07,2.6044686e-06
2025-04-08,2.7410233e-06
2025-04-09,3.4558468e-06
2025-04-10,4.1706703e-06
2025-04-11,3.8832995e-06
2025-04-12,2.9919738e-06
2025-04-13,2.8360153e-06
2025-04-14,2.6800565e-06
2025-04-15,2.5240977e-06
2025-04-16,2.3759499e-06
2025-04-17,2.387179e-06
2025-04-18,2.7450865e-06
2025-04-19,2.877718e-06
2025-04-20,2.8743207e-06
2025-04-21,3.3796628e-06
2025-04-22,3.885006e-06
2025-04-23,4.3903487e-06
2025-04-24,4.157073e-06
2025-04-25,3.9237975e-06
2025-04-26,3.6905215e-06
2025-04-27,3.4227535e-06
2025-04-28,3.1549848e-06
2025-04-29,3.0872923e-06
2025-04-30,3.0779775e-06
2025-05-01,1.1133475e-06
2025-05-02,1.2533926e-06
2025-05-03,1.6867289e-06
2025-05-04,2.2294837e-06
2025-05-05,2.7004974e-06
2025-05-06,3.1131392e-06
2025-05-07,3.6056076e-06
2025-05-08,3.5347643e-06
2025-05-09,3.0107394e-06
2025-05-10,2.8194754e-06
2025-05-11,3.834198e-06
2025-05-12,4.283371e-06
2025-05-13,3.5604492e-06
2025-05-14,4.3289547e-06
2025-05-15,3.910591e-06
2025-05-16,3.492228e-06
2025-05-17,4.674651e-06
2025-05-18,3.4983389e-06
2025-05-19,2.8995014e-06
2025-05-20,2.1381709e-06
2025-05-21,2.1553903e-06
2025-05-22,2.3776197e-06
2025-05-23,1.4170545e-06
2025-05-24,1.5298959e-06
2025-05-25,1.8694584e-06
2025-05-26,2.209021e-06
2025-05-27,2.6931575e-06
2025-05-28,3.210996e-06
2025-05-29,2.662157e-06
2025-05-30,2.729341e-06
2025-05-31,2.6516861e-06
2025-06-01,2.5740314e-06
2025-06-02,2.5494048e-06
2025-06-03,2.524779e-06
2025-06-04,3.1227855e-06
2025-06-05,2.7180201e-06
2025-06-06,2.3132552e-06
2025-06-07,1.9767351e-06
2025-06-08,2.789532e-06
2025-06-09,3.9774777e-06
2025-06-10,1.9536972e-06
2025-06-11,6.99714e-07
2025-06-12,2.231287e-06
2025-06-13,3.6490583e-06
2025-06-14,3.095124e-06
2025-06-15,3.2150379e-06
2025-06-16,2.773905e-06
2025-06-17,2.7503527e-06
2025-06-18,2.7268006e-06
2025-06-19,2.5794375e-06
2025-06-20,3.7558996e-06
2025-06-21,3.2913633e-06
2025-06-22,2.8268273e-06
2025-06-23,2.1338394e-06
2025-06-24,1.6423817e-06
2025-06-25,2.2712838e-06
2025-06-26,2.9001862e-06
2025-06-27,9.684958e-07
2025-06-28,2.6260889e-06
2025-06-29,3.3616811e-06
2025-06-30,3.7643956e-06
2025-07-01,4.1671096e-06
2025-07-02,4.569824e-06
2025-07-03,4.9725386e-06
2025-07-04,5.3752524e-06
2025-07-05,6.0752677e-06
2025-07-06,6.7752835e-06
2025-07-07,5.660852e-06
2025-07-08,4.8683314e-06
2025-07-09,4.075811e-06
2025-07-10,3.8794137e-06
2025-07-11,3.683016e-06
2025-07-12,3.4866187e-06
2025-07-13,3.3850972e-06
2025-07-14,3.2835753e-06
2025-07-15,3.1820541e-06
2025-07-16,2.9998375e-06
2025-07-17,2.817621e-06
2025-07-18,2.6354041e-06
2025-07-19,2.4531876e-06
2025-07-20,2.270971e-06
2025-07-21,7.5914073e-07
2025-07-22,4.665961e-06
2025-07-23,4.239281e-06
2025-07-24,3.7593045e-06
2025-07-25,3.2793278e-06
2025-07-26,3.3570811e-06
2025-07-27,5.1313127e-06
2025-07-28,4.2739066e-06
2025-07-29,1.8403529e-06
2025-07-30,1.7886008e-06
2025-07-31,1.7368488e-06
2025-08-01,1.2217298e-06
2025-08-02,2.9907783e-06
2025-08-03,2.83471e-06
2025-08-04,2.6670375e-06
2025-08-05,2.4993653e-06
2025-08-06,1.5964382e-06
2025-08-07,2.1798448e-06
2025-08-08,2.7632514e-06
2025-08-09,2.843659e-06
2025-08-10,2.9240673e-06
2025-08-11,2.568614e-06
2025-08-12,2.5120412e-06
2025-08-13,2.5415593e-06
2025-08-14,2.6160853e-06
2025-08-15,2.6120777e-06
2025-08-16,1.9841552e-06
2025-08-17,2.4629562e-06
2025-08-18,3.820606e-06
2025-08-19,3.92545e-06
2025-08-20,4.007242e-06
2025-08-21,4.1070834e-06
2025-08-22,4.206926e-06
2025-08-23,3.8469134e-06
2025-08-24,3.6285805e-06
2025-08-25,3.633909e-06
2025-08-26,3.4924135e-06
2025-08-27,3.3509184e-06
2025-08-28,3.2094226e-06
2025-08-29,3.470149e-06
2025-08-30,3.730875e-06
2025-08-31,3.530512e-06
2025-09-01,3.5928854e-06
2025-09-02,3.0172105e-06
2025-09-03,3.7916727e-06
2025-09-04,2.9156306e-06
2025-09-05,2.0395885e-06
2025-09-06,3.5205428e-06
2025-09-07,3.4719521e-06
2025-09-08,3.6031108e-06
2025-09-09,3.7342693e-06
2025-09-10,3.8791277e-06
2025-09-11,4.0239856e-06
2025-09-12,4.6201553e-06
2025-09-13,2.7851686e-06
2025-09-14,2.7161116e-06
2025-09-15,2.6399496e-06
2025-09-16,2.9297373e-06
2025-09-17,3.5822018e-06
2025-09-18,3.1374432e-06
2025-09-19,3.164339e-06
2025-09-20,2.6456003e-06
2025-09-21,2.7020692e-06
2025-09-22,2.5963861e-06
2025-09-23,2.4346127e-06
2025-09-24,3.096847e-06
2025-09-25,2.6940745e-06
2025-09-26,2.3023822e-06
2025-09-27,2.220087e-06
2025-09-28,2.057371e-06
2025-09-29,3.435323e-06
2025-09-30,2.8346394e-06
